Date,Actual_Oilprice,ARIMA baseline,SARIMAX + oil + us-index,ANN + oil,ANN + oil + us-index
2005-01-07,44.071999999999996,,,,
2005-01-14,46.79,,,,
2005-01-21,47.964999999999996,,,,
2005-01-28,48.558,,,,
2005-02-04,46.97,,,,
2005-02-11,46.08,,,,
2005-02-18,47.82,,,,
2005-02-25,51.340999999999994,,,,
2005-03-04,52.74400000000001,,,,
2005-03-11,54.224000000000004,,,,
2005-03-18,55.92999999999999,,,,
2005-03-25,52.945,,,,
2005-04-01,54.970000000000006,,,,
2005-04-08,55.238,,,,
2005-04-15,51.436,,,,
2005-04-22,52.39,,,,
2005-04-29,51.996,,,,
2005-05-06,50.636,,,,
2005-05-13,50.333999999999996,,,,
2005-05-20,47.769999999999996,,,,
2005-05-27,50.146,,,,
2005-06-03,53.376999999999995,,,,
2005-06-10,53.74400000000001,,,,
2005-06-17,56.181999999999995,,,,
2005-06-24,59.044000000000004,,,,
2005-07-01,58.214,,,,
2005-07-08,60.166,,,,
2005-07-15,59.181999999999995,,,,
2005-07-22,57.303999999999995,,,,
2005-07-29,59.39,,,,
2005-08-05,61.636,,,,
2005-08-12,64.846,,,,
2005-08-19,64.918,,,,
2005-08-26,66.342,,,,
2005-09-02,68.47200000000001,,,,
2005-09-09,65.118,,,,
2005-09-16,63.84400000000001,,,,
2005-09-23,66.42999999999999,,,,
2005-09-30,66.064,,,,
2005-10-07,63.056000000000004,,,,
2005-10-14,62.86800000000001,,,,
2005-10-21,62.279999999999994,,,,
2005-10-28,61.327999999999996,,,,
2005-11-04,60.339999999999996,,,,
2005-11-11,58.8,,,,
2005-11-18,57.0,,,,
2005-11-25,58.022000000000006,,,,
2005-12-02,57.784000000000006,,,,
2005-12-09,59.83,,,,
2005-12-16,60.32000000000001,,,,
2005-12-23,57.968,,,,
2005-12-30,59.48199999999999,,,,
2006-01-06,63.385,,,,
2006-01-13,63.739999999999995,,,,
2006-01-20,66.45,,,,
2006-01-27,66.82000000000001,,,,
2006-02-03,66.59,,,,
2006-02-10,63.06,,,,
2006-02-17,59.370000000000005,,,,
2006-02-24,60.043000000000006,,,,
2006-03-03,62.272000000000006,,,,
2006-03-10,60.89,,,,
2006-03-17,62.64,,,,
2006-03-24,61.355999999999995,,,,
2006-03-31,65.67,,,,
2006-04-07,66.564,,,,
2006-04-14,68.845,,,,
2006-04-21,71.868,,,,
2006-04-28,70.378,,,,
2006-05-05,72.14000000000001,,,,
2006-05-12,71.49600000000001,,,,
2006-05-19,69.074,,,,
2006-05-26,70.35,,,,
2006-06-02,71.542,,,,
2006-06-09,71.54,,,,
2006-06-16,69.482,,,,
2006-06-23,69.94,,,,
2006-06-30,72.654,,,,
2006-07-07,74.62,,,,
2006-07-14,75.208,,,,
2006-07-21,73.976,,,,
2006-07-28,73.874,,,,
2006-08-04,75.204,,,,
2006-08-11,75.634,,,,
2006-08-18,71.79400000000001,,,,
2006-08-25,72.12,,,,
2006-09-01,70.006,,,,
2006-09-08,67.81800000000001,,,,
2006-09-15,63.977999999999994,,,,
2006-09-22,61.403999999999996,,,,
2006-09-29,61.938,,,,
2006-10-06,59.766,,,,
2006-10-13,58.581999999999994,,,,
2006-10-20,58.476,,,,
2006-10-27,58.879999999999995,,,,
2006-11-03,58.553999999999995,,,,
2006-11-10,59.964,,,,
2006-11-17,57.55800000000001,,,,
2006-11-24,57.858000000000004,,,,
2006-12-01,62.024,,,,
2006-12-08,62.318000000000005,,,,
2006-12-15,61.908,,,,
2006-12-22,62.4,,,,
2006-12-29,60.655,,,,
2007-01-05,57.755,,,,
2007-01-12,54.11,,,,
2007-01-19,51.504999999999995,,,,
2007-01-26,53.565999999999995,,,,
2007-02-02,57.114,,,,
2007-02-09,58.99399999999999,,,,
2007-02-16,58.408,,,,
2007-02-23,59.57,,,,
2007-03-02,61.64,,,,
2007-03-09,60.85,,,,
2007-03-16,57.94,,,,
2007-03-23,58.263999999999996,,,,
2007-03-30,64.17999999999999,,,,
2007-04-06,64.82000000000001,,,,
2007-04-13,62.581999999999994,,,,
2007-04-20,63.056000000000004,,,,
2007-04-27,65.258,,,,
2007-05-04,63.822,,,,
2007-05-11,61.896,,,,
2007-05-18,63.60799999999999,,,,
2007-05-25,64.894,,,,
2007-06-01,63.942499999999995,,,,
2007-06-08,65.896,,,,
2007-06-15,66.624,,,,
2007-06-22,68.782,,,,
2007-06-29,69.134,,,,
2007-07-06,71.7825,,,,
2007-07-13,72.792,,,,
2007-07-20,74.92,,,,
2007-07-27,75.152,,,,
2007-08-03,76.752,,,,
2007-08-10,71.924,,,,
2007-08-17,72.05,,,,
2007-08-24,70.188,,,,
2007-08-31,72.928,,,,
2007-09-07,75.9625,,,,
2007-09-14,78.946,,,,
2007-09-21,82.256,,,,
2007-09-28,81.704,,,,
2007-10-05,80.59200000000001,,,,
2007-10-12,81.45599999999999,,,,
2007-10-19,87.804,,,,
2007-10-26,89.23400000000001,,,,
2007-11-02,93.45599999999999,,,,
2007-11-09,95.808,,,,
2007-11-16,93.55600000000001,,,,
2007-11-23,97.92999999999999,,,,
2007-11-30,92.46799999999999,,,,
2007-12-07,88.706,,,,
2007-12-14,91.18199999999999,,,,
2007-12-21,91.16,,,,
2007-12-28,95.6375,,,,
2008-01-04,98.165,,,,
2008-01-11,94.762,,,,
2008-01-18,91.512,,,,
2008-01-25,89.41,,,,
2008-02-01,91.138,,,,
2008-02-08,89.078,,,,
2008-02-15,94.13,,,,
2008-02-22,99.6125,,,,
2008-02-29,100.84,,,,
2008-03-07,103.444,,,,
2008-03-14,109.346,,,,
2008-03-21,105.2825,,,,
2008-03-28,104.492,,,,
2008-04-04,103.46,,,,
2008-04-11,109.71,,,,
2008-04-18,114.328,,,,
2008-04-25,118.53399999999999,,,,
2008-05-02,115.422,,,,
2008-05-09,123.006,,,,
2008-05-16,124.96199999999999,,,,
2008-05-23,130.138,,,,
2008-05-30,128.465,,,,
2008-06-06,128.164,,,,
2008-06-13,134.8,,,,
2008-06-20,134.342,,,,
2008-06-27,136.998,,,,
2008-07-04,141.299125,,,,
2008-07-11,139.95,,,,
2008-07-18,135.368,,,,
2008-07-25,125.924,,,,
2008-08-01,124.574,,,,
2008-08-08,118.798,,,,
2008-08-15,114.402,,,,
2008-08-22,115.7,,,,
2008-08-29,116.09200000000001,,,,
2008-09-05,108.36749999999999,,,,
2008-09-12,102.876,,,,
2008-09-19,97.19,,,,
2008-09-26,111.122,,,,
2008-10-03,96.59400000000001,,,,
2008-10-10,86.242,,,,
2008-10-17,75.19,,,,
2008-10-24,68.56,,,,
2008-10-31,65.212,,,,
2008-11-07,64.306,,,,
2008-11-14,58.602,,,,
2008-11-21,52.25599999999999,,,,
2008-11-28,53.265,,,,
2008-12-05,45.598,,,,
2008-12-12,44.566,,,,
2008-12-19,39.704,,,,
2008-12-26,32.975,,,,
2009-01-02,42.4025,,,,
2009-01-09,44.458,,,,
2009-01-16,36.727999999999994,,,,
2009-01-23,42.144999999999996,,,,
2009-01-30,42.70399999999999,,,,
2009-02-06,40.775999999999996,,,,
2009-02-13,36.942,,,,
2009-02-20,37.145,,,,
2009-02-27,41.098,,,,
2009-03-06,43.178,,,,
2009-03-13,45.656,,,,
2009-03-20,49.486000000000004,,,,
2009-03-27,52.986000000000004,,,,
2009-04-03,50.344,,,,
2009-04-10,50.46,,,,
2009-04-17,49.864,,,,
2009-04-24,47.798,,,,
2009-05-01,50.20399999999999,,,,
2009-05-08,55.96,,,,
2009-05-15,57.94,,,,
2009-05-22,60.32000000000001,,,,
2009-05-29,64.32249999999999,,,,
2009-06-05,68.108,,,,
2009-06-12,70.854,,,,
2009-06-19,70.62,,,,
2009-06-26,68.58,,,,
2009-07-03,69.32249999999999,,,,
2009-07-10,61.476,,,,
2009-07-17,61.286,,,,
2009-07-24,65.276,,,,
2009-07-31,67.03200000000001,,,,
2009-08-07,71.578,,,,
2009-08-14,69.642,,,,
2009-08-21,70.8,,,,
2009-08-28,72.374,,,,
2009-09-04,68.39200000000001,,,,
2009-09-11,70.91,,,,
2009-09-18,71.32000000000001,,,,
2009-09-25,68.326,,,,
2009-10-02,68.836,,,,
2009-10-09,70.80199999999999,,,,
2009-10-16,75.726,,,,
2009-10-23,80.06,,,,
2009-10-30,78.46600000000001,,,,
2009-11-06,79.0,,,,
2009-11-13,78.24,,,,
2009-11-20,78.368,,,,
2009-11-27,76.1425,,,,
2009-12-04,76.806,,,,
2009-12-11,71.51,,,,
2009-12-18,71.724,,,,
2009-12-25,74.7625,,,,
2010-01-01,79.07,,,,
2010-01-08,82.344,,,,
2010-01-15,80.06,,,,
2010-01-22,76.6225,,,,
2010-01-29,73.936,,,,
2010-02-05,74.572,,,,
2010-02-12,73.88,,,,
2010-02-19,78.2475,,,,
2010-02-26,79.22200000000001,,,,
2010-03-05,80.19,,,,
2010-03-12,81.756,,,,
2010-03-19,81.44200000000001,,,,
2010-03-26,80.646,,,,
2010-04-02,83.01,,,,
2010-04-09,85.662,,,,
2010-04-16,84.342,,,,
2010-04-23,82.902,,,,
2010-04-30,84.218,,,,
2010-05-07,80.24,,,,
2010-05-14,74.97999999999999,,,,
2010-05-21,69.136,,,,
2010-05-28,70.61800000000001,,,,
2010-06-04,72.9075,,,,
2010-06-11,73.436,,,,
2010-06-18,76.7,,,,
2010-06-25,77.06,,,,
2010-07-02,74.958,,,,
2010-07-09,74.38749999999999,,,,
2010-07-16,76.348,,,,
2010-07-23,77.562,,,,
2010-07-30,78.12,,,,
2010-08-06,81.786,,,,
2010-08-13,78.172,,,,
2010-08-20,74.84400000000001,,,,
2010-08-27,72.91,,,,
2010-09-03,74.02000000000001,,,,
2010-09-10,74.82000000000001,,,,
2010-09-17,75.616,,,,
2010-09-24,73.756,,,,
2010-10-01,78.40599999999999,,,,
2010-10-08,82.29400000000001,,,,
2010-10-15,82.164,,,,
2010-10-22,81.148,,,,
2010-10-29,82.03,,,,
2010-11-05,84.928,,,,
2010-11-12,86.90799999999999,,,,
2010-11-19,82.23400000000001,,,,
2010-11-26,82.2775,,,,
2010-12-03,86.752,,,,
2010-12-10,88.49600000000001,,,,
2010-12-17,88.268,,,,
2010-12-24,89.6625,,,,
2010-12-31,90.966,,,,
2011-01-07,89.54400000000001,,,,
2011-01-14,91.024,,,,
2011-01-21,89.7525,,,,
2011-01-28,86.114,,,,
2011-02-04,89.52000000000001,,,,
2011-02-11,85.514,,,,
2011-02-18,84.13399999999999,,,,
2011-02-25,95.26,,,,
2011-03-04,101.05199999999999,,,,
2011-03-11,103.73800000000001,,,,
2011-03-18,99.78999999999999,,,,
2011-03-25,104.40599999999999,,,,
2011-04-01,105.08399999999999,,,,
2011-04-08,109.28599999999999,,,,
2011-04-15,107.75,,,,
2011-04-22,109.11,,,,
2011-04-29,112.296,,,,
2011-05-06,105.83600000000001,,,,
2011-05-13,99.866,,,,
2011-05-20,97.994,,,,
2011-05-27,99.546,,,,
2011-06-03,100.9225,,,,
2011-06-10,100.054,,,,
2011-06-17,95.874,,,,
2011-06-24,92.696,,,,
2011-07-01,93.702,,,,
2011-07-08,97.1225,,,,
2011-07-15,96.72,,,,
2011-07-22,98.006,,,,
2011-07-29,97.828,,,,
2011-08-05,90.854,,,,
2011-08-12,82.862,,,,
2011-08-19,85.364,,,,
2011-08-26,85.056,,,,
2011-09-02,88.072,,,,
2011-09-09,87.905,,,,
2011-09-16,88.934,,,,
2011-09-23,83.652,,,,
2011-09-30,81.178,,,,
2011-10-07,79.434,,,,
2011-10-14,85.348,,,,
2011-10-21,86.818,,,,
2011-10-28,92.316,,,,
2011-11-04,93.244,,,,
2011-11-11,96.966,,,,
2011-11-18,99.31800000000001,,,,
2011-11-25,96.89,,,,
2011-12-02,99.90599999999999,,,,
2011-12-09,100.078,,,,
2011-12-16,96.064,,,,
2011-12-23,97.74,,,,
2011-12-30,99.81,,,,
2012-01-06,102.3875,,,,
2012-01-13,100.43199999999999,,,,
2012-01-20,99.945,,,,
2012-01-27,99.354,,,,
2012-02-03,97.8,,,,
2012-02-10,98.56,,,,
2012-02-17,101.726,,,,
2012-02-24,107.175,,,,
2012-03-02,107.52000000000001,,,,
2012-03-09,106.324,,,,
2012-03-16,106.15,,,,
2012-03-23,106.41000000000001,,,,
2012-03-30,105.122,,,,
2012-04-06,103.52250000000001,,,,
2012-04-13,102.55199999999999,,,,
2012-04-20,103.152,,,,
2012-04-27,103.78399999999999,,,,
2012-05-04,103.47200000000001,,,,
2012-05-11,96.984,,,,
2012-05-18,93.108,,,,
2012-05-25,90.88199999999999,,,,
2012-06-01,87.0575,,,,
2012-06-08,84.434,,,,
2012-06-15,83.27000000000001,,,,
2012-06-22,81.11,,,,
2012-06-29,80.226,,,,
2012-07-06,85.735,,,,
2012-07-13,85.78,,,,
2012-07-20,90.34,,,,
2012-07-27,88.876,,,,
2012-08-03,89.098,,,,
2012-08-10,93.14,,,,
2012-08-17,94.434,,,,
2012-08-24,96.224,,,,
2012-08-31,95.684,,,,
2012-09-07,95.675,,,,
2012-09-14,97.562,,,,
2012-09-21,93.702,,,,
2012-09-28,91.348,,,,
2012-10-05,90.814,,,,
2012-10-12,91.422,,,,
2012-10-19,91.59,,,,
2012-10-26,86.354,,,,
2012-11-02,85.87,,,,
2012-11-09,85.982,,,,
2012-11-16,85.866,,,,
2012-11-23,87.4,,,,
2012-11-30,87.274,,,,
2012-12-07,87.002,,,,
2012-12-14,85.712,,,,
2012-12-21,88.244,,,,
2012-12-28,90.1425,,,,
2013-01-04,92.765,,,,
2013-01-11,93.38,,,,
2013-01-18,94.582,,,,
2013-01-25,95.4125,,,,
2013-02-01,97.33200000000001,,,,
2013-02-08,96.176,,,,
2013-02-15,96.954,,,,
2013-02-22,94.38,,,,
2013-03-01,92.19,,,,
2013-03-08,91.00399999999999,,,,
2013-03-15,92.7,,,,
2013-03-22,93.04599999999999,,,,
2013-03-29,96.0775,,,,
2013-04-05,95.074,,,,
2013-04-12,93.36,,,,
2013-04-19,88.0,,,,
2013-04-26,90.998,,,,
2013-05-03,93.4,,,,
2013-05-10,95.84400000000001,,,,
2013-05-17,94.648,,,,
2013-05-24,94.756,,,,
2013-05-31,93.32,,,,
2013-06-07,94.25,,,,
2013-06-14,96.35799999999999,,,,
2013-06-21,96.652,,,,
2013-06-28,95.83,,,,
2013-07-05,100.65,,,,
2013-07-12,104.704,,,,
2013-07-19,106.88199999999999,,,,
2013-07-26,105.876,,,,
2013-08-02,105.54400000000001,,,,
2013-08-09,105.16600000000001,,,,
2013-08-16,106.974,,,,
2013-08-23,105.476,,,,
2013-08-30,108.33,,,,
2013-09-06,108.77000000000001,,,,
2013-09-13,108.356,,,,
2013-09-20,106.218,,,,
2013-09-27,103.096,,,,
2013-10-04,103.144,,,,
2013-10-11,102.69800000000001,,,,
2013-10-18,101.50800000000001,,,,
2013-10-25,97.572,,,,
2013-11-01,96.938,,,,
2013-11-08,94.306,,,,
2013-11-15,93.944,,,,
2013-11-22,93.92,,,,
2013-11-29,92.9675,,,,
2013-12-06,96.20599999999999,,,,
2013-12-13,97.22999999999999,,,,
2013-12-20,97.854,,,,
2013-12-27,99.1525,,,,
2014-01-03,96.4675,,,,
2014-01-10,92.41600000000001,,,,
2014-01-17,92.976,,,,
2014-01-24,95.797,,,,
2014-01-31,97.28999999999999,,,,
2014-02-07,97.78,,,,
2014-02-14,100.208,,,,
2014-02-21,102.9325,,,,
2014-02-28,102.772,,,,
2014-03-07,103.074,,,,
2014-03-14,99.554,,,,
2014-03-21,99.774,,,,
2014-03-28,100.66,,,,
2014-04-04,100.462,,,,
2014-04-11,102.72,,,,
2014-04-18,103.94749999999999,,,,
2014-04-25,102.112,,,,
2014-05-02,100.508,,,,
2014-05-09,100.28999999999999,,,,
2014-05-16,101.916,,,,
2014-05-23,103.82000000000001,,,,
2014-05-30,104.141,,,,
2014-06-06,103.234,,,,
2014-06-13,105.968,,,,
2014-06-20,107.228,,,,
2014-06-27,106.69200000000001,,,,
2014-07-04,105.5175,,,,
2014-07-11,103.25399999999999,,,,
2014-07-18,102.36800000000001,,,,
2014-07-25,104.346,,,,
2014-08-01,102.194,,,,
2014-08-08,97.49600000000001,,,,
2014-08-15,97.172,,,,
2014-08-22,94.954,,,,
2014-08-29,96.258,,,,
2014-09-05,94.0625,,,,
2014-09-12,92.42999999999999,,,,
2014-09-19,93.52000000000001,,,,
2014-09-26,93.15,,,,
2014-10-03,91.444,,,,
2014-10-10,87.628,,,,
2014-10-17,82.88,,,,
2014-10-24,82.122,,,,
2014-10-31,81.292,,,,
2014-11-07,78.24199999999999,,,,
2014-11-14,76.49600000000001,,,,
2014-11-21,75.378,,,,
2014-11-28,72.355,,,,
2014-12-05,67.178,,,,
2014-12-12,61.136,,,,
2014-12-19,55.89,,,,
2014-12-26,55.58,,,,
2015-01-02,53.4425,,,,
2015-01-09,48.774,,,,
2015-01-16,47.066,,,,
2015-01-23,46.457499999999996,,,,
2015-01-30,45.326,,,,
2015-02-06,50.576,,,,
2015-02-13,51.136,,,,
2015-02-20,51.974000000000004,,,,
2015-02-27,49.156,,,,
2015-03-06,50.384,,,,
2015-03-13,47.686,,,,
2015-03-20,44.394,,,,
2015-03-27,48.684,,,,
2015-04-03,48.9075,,,,
2015-04-10,51.778,,,,
2015-04-17,54.779999999999994,,,,
2015-04-24,56.138,,,,
2015-05-01,57.976,,,,
2015-05-08,59.726,,,,
2015-05-15,60.013999999999996,,,,
2015-05-22,58.952,,,,
2015-05-29,58.185,,,,
2015-06-05,59.664,,,,
2015-06-12,60.072,,,,
2015-06-19,59.891999999999996,,,,
2015-06-26,60.013999999999996,,,,
2015-07-03,57.278999999999996,,,,
2015-07-10,52.384,,,,
2015-07-17,51.684000000000005,,,,
2015-07-24,49.212,,,,
2015-07-31,47.910000000000004,,,,
2015-08-07,44.938,,,,
2015-08-14,43.198,,,,
2015-08-21,41.342,,,,
2015-08-28,40.726,,,,
2015-09-04,46.730000000000004,,,,
2015-09-11,45.324,,,,
2015-09-18,45.482,,,,
2015-09-25,45.572,,,,
2015-10-02,44.998000000000005,,,,
2015-10-09,48.36,,,,
2015-10-16,46.82000000000001,,,,
2015-10-23,45.156,,,,
2015-10-30,44.989999999999995,,,,
2015-11-06,45.982,,,,
2015-11-13,42.696,,,,
2015-11-20,40.62,,,,
2015-11-27,40.569,,,,
2015-12-04,40.403999999999996,,,,
2015-12-11,36.934,,,,
2015-12-18,35.775999999999996,,,,
2015-12-25,36.262499999999996,,,,
2016-01-01,36.99,,,,
2016-01-08,34.648,,,,
2016-01-15,30.586000000000002,,,,
2016-01-22,29.146000000000004,,,,
2016-01-29,31.808,,,,
2016-02-05,31.26,,,,
2016-02-12,28.144,,,,
2016-02-19,30.0225,,,,
2016-02-26,31.322000000000003,,,,
2016-03-04,34.434000000000005,,,,
2016-03-11,37.694,,,,
2016-03-18,38.318,,,,
2016-03-25,39.445,,,,
2016-04-01,36.821999999999996,,,,
2016-04-08,36.72,,,,
2016-04-15,41.226,,,,
2016-04-22,41.856,,,,
2016-04-29,44.298,,,,
2016-05-06,44.215999999999994,,,,
2016-05-13,45.44,,,,
2016-05-20,47.992,,,,
2016-05-27,48.724000000000004,,,,
2016-06-03,49.0,,,,
2016-06-10,50.184000000000005,,,,
2016-06-17,47.888,,,,
2016-06-24,48.71,,,,
2016-07-01,48.174,,,,
2016-07-08,46.513,,,,
2016-07-15,45.598,,,,
2016-07-22,44.44,,,,
2016-07-29,41.826,,,,
2016-08-05,40.82,,,,
2016-08-12,43.114,,,,
2016-08-19,47.156,,,,
2016-08-26,47.048,,,,
2016-09-02,45.106,,,,
2016-09-09,45.690000000000005,,,,
2016-09-16,44.339999999999996,,,,
2016-09-23,44.596000000000004,,,,
2016-09-30,46.552,,,,
2016-10-07,49.483999999999995,,,,
2016-10-14,50.288,,,,
2016-10-21,50.556,,,,
2016-10-28,49.362,,,,
2016-11-04,45.507999999999996,,,,
2016-11-11,44.61,,,,
2016-11-18,45.153999999999996,,,,
2016-11-25,47.141999999999996,,,,
2016-12-02,48.628,,,,
2016-12-09,50.974000000000004,,,,
2016-12-16,51.914,,,,
2016-12-23,51.955999999999996,,,,
2016-12-30,53.595,,,,
2017-01-06,53.3425,,,,
2017-01-13,52.065999999999995,,,,
2017-01-20,51.939,,,,
2017-01-27,52.742000000000004,,,,
2017-02-03,53.327999999999996,,,,
2017-02-10,52.879999999999995,,,,
2017-02-17,53.220000000000006,,,,
2017-02-24,53.963,,,,
2017-03-03,53.564,,,,
2017-03-10,50.5,,,,
2017-03-17,48.034000000000006,,,,
2017-03-24,47.28,,,,
2017-03-31,49.138,,,,
2017-04-07,51.263999999999996,,,,
2017-04-14,53.1875,,,,
2017-04-21,51.094,,,,
2017-04-28,49.122,,,,
2017-05-05,47.209999999999994,,,,
2017-05-12,47.044,,,,
2017-05-19,49.244,,,,
2017-05-26,50.214,,,,
2017-06-02,48.705,,,,
2017-06-09,46.565999999999995,,,,
2017-06-16,45.3,,,,
2017-06-23,43.089999999999996,,,,
2017-06-30,44.626,,,,
2017-07-07,45.202,,,,
2017-07-14,45.506,,,,
2017-07-21,46.406,,,,
2017-07-28,48.266,,,,
2017-08-04,49.519999999999996,,,,
2017-08-11,49.076,,,,
2017-08-18,47.524,,,,
2017-08-25,47.676,,,,
2017-09-01,46.68,,,,
2017-09-08,48.455,,,,
2017-09-15,49.065999999999995,,,,
2017-09-22,50.124,,,,
2017-09-29,51.774,,,,
2017-10-06,50.232,,,,
2017-10-13,50.769999999999996,,,,
2017-10-20,51.739999999999995,,,,
2017-10-27,52.50599999999999,,,,
2017-11-03,54.59400000000001,,,,
2017-11-10,57.052,,,,
2017-11-17,55.814,,,,
2017-11-24,57.65599999999999,,,,
2017-12-01,57.812,,,,
2017-12-08,56.916,,,,
2017-12-15,57.168000000000006,,,,
2017-12-22,57.86800000000001,,,,
2017-12-29,59.88,,,,
2018-01-05,61.3625,,,,
2018-01-12,63.25599999999999,,,,
2018-01-19,63.82000000000001,,,,
2018-01-26,65.138,,,,
2018-02-02,65.318,,,,
2018-02-09,62.013999999999996,,,,
2018-02-16,60.562,,,,
2018-02-23,62.355999999999995,,,,
2018-03-02,62.07000000000001,,,,
2018-03-09,61.653999999999996,,,,
2018-03-16,61.275999999999996,,,,
2018-03-23,64.106,,,,
2018-03-30,64.9675,,,,
2018-04-06,63.074,,,,
2018-04-13,66.022,,,,
2018-04-20,67.546,,,,
2018-04-27,67.912,,,,
2018-05-04,68.38199999999999,,,,
2018-05-11,70.556,,,,
2018-05-18,71.296,,,,
2018-05-25,70.978,,,,
2018-06-01,66.9575,,,,
2018-06-08,65.35,,,,
2018-06-15,66.20599999999999,,,,
2018-06-22,66.324,,,,
2018-06-29,74.026,,,,
2018-07-06,73.70599999999999,,,,
2018-07-13,71.964,,,,
2018-07-20,68.952,,,,
2018-07-27,70.01,,,,
2018-08-03,69.462,,,,
2018-08-10,67.904,,,,
2018-08-17,66.146,,,,
2018-08-24,68.102,,,,
2018-08-31,69.656,,,,
2018-09-07,68.776,,,,
2018-09-14,68.958,,,,
2018-09-21,70.276,,,,
2018-09-28,72.838,,,,
2018-10-05,75.126,,,,
2018-10-12,72.95599999999999,,,,
2018-10-19,70.238,,,,
2018-10-26,67.426,,,,
2018-11-02,65.05600000000001,,,,
2018-11-09,61.574,,,,
2018-11-16,56.916,,,,
2018-11-23,54.166,,,,
2018-11-30,51.013999999999996,,,,
2018-12-07,52.626,,,,
2018-12-14,51.541999999999994,,,,
2018-12-21,46.980000000000004,,,,
2018-12-28,45.22333333333333,,,,
2019-01-04,46.99666666666667,,,,
2019-01-11,50.78,,,,
2019-01-18,51.924,,,,
2019-01-25,52.919000000000004,,,,
2019-02-01,53.634,,,,
2019-02-08,53.525999999999996,,,,
2019-02-15,53.878,,,,
2019-02-22,56.565999999999995,,,,
2019-03-01,56.122,,,,
2019-03-08,56.348,,,,
2019-03-15,57.81,,,,
2019-03-22,59.436,,,,
2019-03-29,59.489999999999995,,,,
2019-04-05,62.36,,,,
2019-04-12,64.102,,,,
2019-04-19,63.800000000000004,,,,
2019-04-26,65.276,,,,
2019-05-03,62.9,,,,
2019-05-10,61.814,,,,
2019-05-17,62.104,,,,
2019-05-24,60.722,,,,
2019-05-31,56.9275,,,,
2019-06-07,52.972,,,,
2019-06-14,52.522000000000006,,,,
2019-06-21,54.754,,,,
2019-06-28,58.382000000000005,,,,
2019-07-05,57.275999999999996,,,,
2019-07-12,59.024,,,,
2019-07-19,56.748000000000005,,,,
2019-07-26,56.053999999999995,,,,
2019-08-02,56.54600000000001,,,,
2019-08-09,53.275999999999996,,,,
2019-08-16,55.306,,,,
2019-08-23,55.496,,,,
2019-08-30,55.205999999999996,,,,
2019-09-06,55.48,,,,
2019-09-13,56.160000000000004,,,,
2019-09-20,59.331999999999994,,,,
2019-09-27,56.896,,,,
2019-10-04,53.122,,,,
2019-10-11,53.272000000000006,,,,
2019-10-18,53.488,,,,
2019-10-25,55.20399999999999,,,,
2019-11-01,55.17,,,,
2019-11-08,56.69,,,,
2019-11-15,56.900999999999996,,,,
2019-11-22,56.9,,,,
2019-11-29,58.08,,,,
2019-12-06,57.64,,,,
2019-12-13,59.248000000000005,,,,
2019-12-20,60.75,,,,
2019-12-27,61.29,,,,
2020-01-03,61.7425,,,,
2020-01-10,60.839999999999996,,,,
2020-01-17,58.288,,,,
2020-01-24,56.602,,,,
2020-01-31,52.696000000000005,,,,
2020-02-07,50.36,,,,
2020-02-14,50.832,,,,
2020-02-21,52.92100000000001,,,,
2020-02-28,48.362,,,,
2020-03-06,45.574,,,,
2020-03-13,32.386,,,,
2020-03-20,24.194,,,,
2020-03-27,19.438,,,,
2020-04-03,21.686,,,,
2020-04-10,24.405,,,,
2020-04-17,20.119999999999997,,,,
2020-04-24,3.3240000000000007,,,,
2020-05-01,15.712,,,,
2020-05-08,23.464,,,,
2020-05-15,26.398000000000003,,,,
2020-05-22,33.096,,,,
2020-05-29,34.185,,,,
2020-06-05,37.322,34.928725126203496,23.25243517892782,,
2020-06-12,37.872,36.04228166895761,31.636994265105983,38.46564641972188,38.997250359468765
2020-06-19,38.35,37.079374517563856,40.879936490871906,38.84337684316398,39.31857182042596
2020-06-26,39.22,38.07821817907805,43.11982697561041,39.139858535363985,39.442492178429035
2020-07-03,39.986000000000004,39.04051892061214,46.14148912464771,39.71008752650613,40.133217090518755
2020-07-10,40.442,39.967884653814075,44.12578583420436,40.520337307295,40.77627499255124
2020-07-17,40.57,40.8618319878839,34.345792098187644,41.005968494034704,41.518674203086164
2020-07-24,41.338,41.72379271022403,42.35699855309549,41.088023036822435,41.57099190678049
2020-07-31,40.686,42.55511974374945,45.36136781419957,41.740668723118475,42.4590504866081
2020-08-07,41.568,43.35709262559601,46.03051492453199,41.21395345300681,42.12766879984798
2020-08-14,42.076,44.13092254805573,52.592429937946484,41.87863415955605,42.494383485081094
2020-08-21,42.726,44.87775699900245,54.22078010091556,42.47823038304916,43.01115031598681
2020-08-28,42.932,45.59868403582027,53.91534348332438,43.213357991886426,43.88778320255284
2020-09-04,41.842,46.294736223882126,64.73959545748096,43.41665372337202,43.89117265713143
2020-09-11,37.556,46.96689426792185,72.64869776850013,42.33966150946563,43.11747173275508
2020-09-18,39.554,47.616090362177204,72.51308935994668,37.99784015377898,38.77898110159579
2020-09-25,39.78,48.2432112829318,73.4202628516491,39.12157578449437,39.90714171069681
2020-10-02,38.992,48.84910124503287,73.19892498941243,40.0233222854055,40.252478783819306
2020-10-09,40.188,49.434564542090385,72.87003563073681,39.65758603879687,40.39933692472174
2020-10-16,40.33,50.00036798835648,72.87315306541619,40.430920781320964,41.025554305046576
2020-10-23,40.426,50.547243178727115,72.45385810103826,40.803626248767756,41.356174585014685
2020-10-30,37.316,51.07588858188783,72.85133102266047,40.94407939232893,41.69135071519072
2020-11-06,37.708,51.586971480329645,72.61284726968715,37.88635940467117,38.58758188787659
2020-11-13,40.658,52.08112976977926,72.35877634331689,37.65772843734327,38.542594859373516
2020-11-20,41.516000000000005,52.55897362950917,72.02209339794278,40.66529376484671,41.1809870892943
2020-11-27,44.796,53.0210870740092,71.77893349295037,42.32612335376234,42.90097309335327
2020-12-04,45.37,53.46802939560328,71.03230788723653,45.41551224499854,45.84110929637808
2020-12-11,46.038,53.90033650677566,70.86552513188916,46.233151460856135,46.9051338712907
2020-12-18,47.968,54.31852219022318,70.37141173520587,46.730799442975645,47.29343500538061
2020-12-25,47.7325,54.72307926396755,70.41895261406657,48.3256459435696,48.97152128220529
2021-01-01,47.985,55.11448066823898,70.13253830289763,48.373268019545904,48.88657793637232
2021-01-08,50.094,55.49318048027338,69.95055805348825,48.40920481755337,49.120714517828034
2021-01-15,52.751999999999995,55.85961486264689,70.44155401549213,50.271221175708455,50.767317116345176
2021-01-22,52.774,56.21420295029695,70.46961092760665,53.19662202938535,53.33883797198561
2021-01-29,52.524,56.557347680946876,70.49299168770209,53.588420923026355,53.98288585823161
2021-02-05,55.396,56.889436573255445,71.06504095137011,53.015688864542604,53.45992676631772
2021-02-12,58.54,57.21084245665228,70.55378166395018,55.42105701153378,55.50088618084557
2021-02-19,60.092999999999996,57.521924156490044,70.59274959744255,58.94753691149688,59.18271084423187
2021-02-26,62.303999999999995,57.82302713784348,70.35582456180893,60.89593305127552,60.9122706996511
2021-03-05,62.29200000000001,58.11448411101024,71.13830066633577,62.84165800857536,63.013541993892716
2021-03-12,65.022,58.396615601516814,71.57474152145033,62.851380311013244,62.741515839411385
2021-03-19,63.222,58.669730487203566,71.53109743593889,65.17444023040947,65.06520788475723
2021-03-26,59.95,58.93412650475254,71.99871263784735,63.75525745530142,63.88541960470518
2021-04-02,60.66,59.19009072783002,72.55829216279783,60.18889314815232,60.44988969484373
2021-04-09,59.348,59.43790001884004,71.9519511176565,60.0595268290692,60.167498094406454
2021-04-16,61.926,59.677821456124946,71.53421487061827,59.28642537842034,59.72324723764784
2021-04-23,62.182,59.910112738301905,71.02295558319834,61.78229249912137,61.931352098040364
2021-04-30,63.472,60.13502256729016,70.80005900362198,62.497255446538176,62.770080423654164
2021-05-07,65.1,60.352791011461015,70.87799487060673,63.778102418531475,63.953220837064386
2021-05-14,65.066,60.56364985022983,70.47428707962574,65.28913607308458,65.31482148442628
2021-05-21,64.114,60.76782290130653,70.13136926489287,65.47393246346768,65.72286623216928
2021-05-28,66.398,60.96552633172672,70.06746185396537,64.35722367416847,64.70150396050971
2021-06-04,68.7425,61.15696895369925,70.21826775658084,66.18099254082709,66.31015937662133
2021-06-11,70.112,61.34235250622682,70.26386023876692,68.87881037928067,68.77575586151752
2021-06-18,71.546,61.521871923383756,71.12427221027852,70.60287621547992,70.51544102565802
2021-06-25,73.48400000000001,61.69571559006862,71.56383050007247,71.87536120699775,71.48507041553225
2021-07-02,74.06800000000001,61.864065585988364,71.88960242406871,73.67784643207757,73.34611881521391
2021-07-09,73.575,62.027097918574654,72.00494750720614,74.38677690138562,74.02912410986512
2021-07-16,73.188,62.18498274548196,72.12652745970234,73.79131931471659,73.61709552633644
2021-07-23,69.684,62.33788458726951,72.37748095139321,73.10839034279395,72.97166405519187
2021-07-30,72.75,62.485962530826335,71.923894205542,69.67909231661123,69.74652389965138
2021-08-06,69.5,62.62937042405853,71.92545292288169,71.998636503777,72.00146362108202
2021-08-13,68.334,62.76825706232143,72.39930299414895,69.69689830805915,69.71044809805295
2021-08-20,65.048,62.902766367046034,72.63155187776348,68.19327530101215,68.22691608084199
2021-08-27,67.59,63.033037556977504,72.38995069011077,64.70480491143111,64.92455366757761
2021-09-03,69.15,63.15920531241588,72.01118237656492,66.88457309616182,66.9189252452044
2021-09-10,68.969,63.28139993282218,72.05326774473667,69.11258310533847,69.01543433691707
2021-09-17,71.688,63.39974748812956,72.31980840982452,69.44441179471941,69.35074755062769
2021-09-24,72.18,63.514369964076366,72.68298954997343,71.65628094631222,71.36732371637211
2021-10-01,75.454,63.62538540185788,73.22230574950785,72.4814667116031,72.12959934789296
2021-10-08,78.50399999999999,63.732908032374326,73.30803520319108,75.56575723986221,74.96473252600154
2021-10-15,81.176,63.8370484053351,73.38752978751552,78.76994881090839,78.13753678435353
2021-10-22,83.476,63.93791351346339,73.04928812480172,81.66719332755413,80.94823045554233
2021-10-29,83.84400000000001,64.03560691202996,73.10851938371013,83.87018489406182,83.29636133620241
2021-11-05,81.788,64.13022883393138,73.33765083264528,84.21304460569225,83.6135027095616
2021-11-12,81.92999999999999,64.22187630051486,73.75382836234381,81.95317472126585,81.58048831446584
2021-11-19,78.99199999999999,64.31064322834023,74.6204752032142,81.45316003671981,80.96680198030619
2021-11-26,76.316,64.39662053205842,75.25175572579062,78.75538984385805,78.24207031688849
2021-12-03,66.89,64.47989622357561,74.91819021509592,75.87122960166239,75.53715085416064
2021-12-10,71.314,64.5605555076627,74.96806916996614,66.56191618013331,67.04938423485845
2021-12-17,71.184,64.63868087416107,75.13173449063412,69.41819724076775,69.2028099034755
2021-12-24,72.238,64.7143521869271,75.00469902744898,70.84084614503969,70.42486804523121
2021-12-31,76.048,64.78764676965054,74.84337178279057,72.55956908788683,72.22021762346111
2022-01-07,77.85799999999999,64.85863948867454,74.9244250844547,75.92617237041863,75.33745355886555
2022-01-14,81.51599999999999,64.92740283293857,74.27132251912253,78.31692000912838,77.62487013694931
2022-01-21,85.66600000000001,64.99400699115922,74.48798422934011,81.83461731260125,81.27958139169083
2022-01-28,86.94,65.0585199263581,75.25175572579062,85.98010458185631,84.94390171850074
2022-02-04,89.596,65.12100744784054,74.77790565452338,87.6061440388715,86.54116401001401
2022-02-11,90.614,65.18153328072388,74.53162831485157,89.79411860678393,89.0398233369128
2022-02-18,92.892,65.24015913310937,74.80284513195848,90.774715083136,89.9091858107333
2022-02-25,92.077,65.29694476098688,75.1379693599929,92.86893960765842,91.86527202807706
2022-03-04,106.798,65.35194803095803,76.05761259041289,92.20489686897416,91.30936938565065
2022-03-11,113.39000000000001,65.405224980859,76.99284299422983,105.7945781058099,103.61114578537612
2022-03-18,100.42999999999999,65.45682987836061,76.83229510824125,114.23809846718159,112.07707040343587
2022-03-25,113.69200000000001,65.50681527761992,76.87438047641302,102.9327650119416,102.19955950765168
2022-04-01,103.89200000000001,65.55523207405436,76.72318489446262,111.27726448639784,109.54297326440967
2022-04-08,99.212,65.60212955730601,77.56489225789787,104.4156622389931,103.37480607537844
2022-04-15,101.46000000000001,65.64755546246117,78.01769964507923,98.82971889154904,97.99113758588675
2022-04-22,104.018,65.69155601958703,78.54844289924534,99.20905206726435,98.03151914804386
2022-04-29,102.848,65.73417600164545,80.05260513205094,103.26846117389407,101.59470593169911
2022-05-06,106.68800000000002,65.7754587708404,80.6168608090205,103.00449236881154,101.15610828683526
2022-05-13,104.998,65.81544632345425,81.18267520332975,106.07638461600781,104.27194544011805
2022-05-20,112.178,65.8541793332251,80.62153696103957,104.98884259336059,103.1983490945093
2022-05-27,113.38,65.8916971933158,79.41664845745541,111.41447746353059,109.58223372443172
2022-06-03,116.032,65.92803805692294,79.47587971636382,113.58729580985657,111.94495007443524
2022-06-10,120.42999999999999,65.96323887657242,80.22250532207768,116.1554130684219,114.24014997529
2022-06-17,116.45599999999999,65.99733544214627,81.69081705607029,119.99540942728235,117.76449835390936
2022-06-24,108.31099999999999,66.03036241768378,81.35569282803587,116.84310234676236,114.6735540925911
2022-07-01,110.96199999999999,66.06235337699839,81.58014812495193,107.90252589554902,106.94052473511307
2022-07-08,103.83699999999999,66.0933408381499,83.06716446702087,108.63667808490878,106.96287336139835
2022-07-15,99.92,66.12335629681061,84.27205297060503,103.16822969754641,101.47753533209644
2022-07-22,102.24,66.15243025856228,83.35552717486443,98.82242350342935,97.37541231650494
2022-07-29,99.604,66.18059227015915,82.98143501333766,100.35970481390846,99.02518913884523
2022-08-05,94.00800000000001,66.20787094979185,82.69151358815441,99.20232166919577,97.7361703730729
2022-08-12,94.652,66.23429401638464,82.41250318434902,93.69173672186197,92.8118153418136
2022-08-19,91.814,66.25988831795817,83.43346304184918,93.14671606274646,92.0553586548999
2022-08-26,94.47200000000001,66.28467985908851,84.73499202049443,91.10997538412418,89.61986722087406
2022-09-02,90.79,66.30869382749177,85.03114831503646,93.63488832255486,91.786010617493
2022-09-09,85.696,66.33195461976312,85.5096745383228,90.71138145112191,89.27475621717794
2022-09-16,87.238,66.35448586629785,85.31015871884183,85.35581711664513,84.1670778208507
2022-09-23,83.462,66.37631045542085,86.52907567848325,85.77129964858882,84.5629203487295
2022-09-30,80.076,66.39745055675034,88.09558660487663,83.09533821509947,81.49706312066473
2022-10-07,88.22200000000001,66.41792764382078,86.96707525093754,79.62259603896256,78.14540182443719
2022-10-14,88.974,66.43776251598867,88.12208479965146,86.7343824114924,85.23140832489533
2022-10-21,85.356,66.45697531964471,87.60614936021243,89.51289070514186,87.09571373480958
2022-10-28,87.87,66.47558556875428,86.34982318441836,86.17963902644065,85.04394033069832
2022-11-04,89.136,66.49361216474831,87.0029257497505,87.02588974815663,85.78926965071219
2022-11-11,88.41,66.51107341578506,84.9204793839181,88.79160019581245,86.89165053327146
2022-11-18,84.02000000000001,66.52798705540314,83.07339933637967,88.5868438011036,87.84459110659259
2022-11-25,78.428,66.54437026058532,83.06560574968118,83.97536958879324,83.42601841898491
2022-12-02,79.292,66.56023966925194,82.41250318434902,77.7608334565293,77.23151802317668
2022-12-09,73.064,66.57561139720207,81.91838978766572,77.81685505385981,77.29365254638279
2022-12-16,75.124,66.59050105452023,81.38686717482977,72.78539266212768,72.38904171615184
2022-12-23,77.27799999999999,66.60492376146566,81.29957900380685,74.09904400419258,73.55185488741434
2022-12-30,79.2325,66.61889416386043,81.05330166413506,76.73433929481693,75.73966034782812
2023-01-06,74.2675,66.63242644799277,81.3825807021456,79.52209386145043,78.52696687223684
2023-01-13,77.096,66.64553435505057,80.09936665224177,74.87032850825533,74.1375054518935
2023-01-20,80.287,66.6582311951003,79.6644845144669,76.3123992993605,75.93587151766727
2023-01-27,80.326,66.67052986062573,79.41197230543634,79.90380271343672,78.87502357978383
2023-02-03,76.506,66.68244283964032,79.53666969261192,80.90535209128691,80.08910531865789
2023-02-10,77.506,66.69398222838683,80.63400669975712,76.8537753565721,76.28243299902903
2023-02-17,78.51,66.70515974363738,80.77584997766937,76.76276817029635,75.74369448964819
2023-02-24,75.595,66.71598673460645,81.43206997768091,78.07896688801848,77.15120638765822
2023-03-03,77.538,66.726474194489,81.60976375440615,75.84281736890522,74.86679050647498
2023-03-10,77.31,66.73663277163595,81.91215491830695,76.99072163025157,76.06511903511276
2023-03-17,69.6,66.74647278037799,81.05018422945568,77.17468586849112,76.09880833266195
2023-03-24,69.332,66.75600421150918,80.20224199666163,70.02686397815098,69.98199066205471
2023-03-31,73.788,66.76523674244102,79.89673339808145,68.14599053770569,68.00870317408132
2023-04-07,80.6225,66.77417974703727,79.36793854058995,72.70916049300575,71.9403857077287
2023-04-14,81.86600000000001,66.78284230513974,79.31377311303555,80.8133945298607,79.67104304507023
2023-04-21,79.218,66.79123321179475,79.41353102277603,83.0846915104079,81.91628300069382
2023-04-28,76.314,66.7993609861897,79.15790137906605,80.03113380592646,79.30268276303583
2023-05-05,71.164,66.8072338803088,79.19219316053933,76.03261187392413,75.650879942367
2023-05-12,72.034,66.81485988731711,79.37144565460427,70.60840691556484,70.38616495800463
2023-05-19,71.618,66.82224674968097,80.21938788739828,70.87666472219219,70.3937886112029
2023-05-26,72.61600000000001,66.8294019670336,80.90366479952435,71.18379547842993,70.31441528005661
2023-06-02,69.8525,66.83633280379367,81.0669404408574,72.5320371359192,71.59936448490768
2023-06-09,71.562,66.8430462965445,80.9176932555816,70.03086196502086,69.3914565862017
2023-06-16,69.422,66.84954926118174,80.16327406316927,71.12939999056651,70.4333611569131
2023-06-23,70.599,66.85584829983651,79.87179392064631,69.4508314520744,69.09436388405646
2023-06-30,69.364,66.86194980758134,80.16950893252806,70.36500616600394,69.81490372343623
2023-07-07,71.58099999999999,66.86785997892537,80.22874019143646,69.34304850120627,68.72195542990258
2023-07-14,75.19800000000001,66.87358481410591,78.54376674722626,71.37432483024214,70.65424973061795
2023-07-21,75.608,66.8791301251824,78.24916917002393,75.1566159434126,74.71253076032954
2023-07-28,79.67999999999999,66.88450154193909,79.0238516878523,76.24087852003696,75.45811861045297
2023-08-04,81.398,66.88970451760251,79.69877629594019,79.7807634155153,78.65153535507596
2023-08-11,83.042,66.89474433437952,79.873352637986,81.78454057023903,80.55966296662601
2023-08-18,80.928,66.89962610882148,80.55139468075329,83.42880858363401,82.28784994062626
2023-08-25,79.97200000000001,66.90435479702023,80.79455458574571,81.23837452399853,80.15243429785461
2023-09-01,82.5,66.90893519964091,80.83663995391747,79.68503663124739,78.85601288688125
2023-09-08,86.96000000000001,66.91337196679689,81.68614090405117,81.83659857183765,80.7481155854381
2023-09-15,89.144,66.91766960277175,81.79680983516953,86.79597697431628,85.10735656695076
2023-09-22,90.27799999999999,66.92183247059319,82.05399819621918,89.67625586144243,88.20530507621382
2023-09-29,91.44000000000001,66.9258647964632,82.82088712734908,90.69133755996978,89.17762245075606
2023-10-06,85.50399999999999,66.92977067404955,83.09054522711631,91.44932123111091,89.81689126366942
2023-10-13,84.898,66.93355406864238,82.76321458578037,85.7650107969997,84.770102274397
2023-10-20,88.026,66.93721882118055,82.84115045276512,83.91114088931373,83.04957894477553
2023-10-27,85.196,66.94076865215162,82.8458266047842,86.92732712538849,85.531834640112
2023-11-03,81.99,66.94420716536946,82.73671639100556,85.45929086347084,84.34469904444845
2023-11-10,77.85799999999999,66.94753785163344,82.31742142662763,81.80419722656119,80.99297323196686
2023-11-17,76.976,66.95076409227276,81.41804152162366,77.1063282688361,76.59938688163814
2023-11-24,76.779,66.95388916257963,80.75714536959303,75.93698963650992,75.50844923885697
2023-12-01,75.494,66.95691623513474,80.34876142659297,76.10643562140923,75.51290528424938
2023-12-08,70.706,66.95984838302847,80.96913092779154,75.31188361836503,74.7629937982311
2023-12-15,70.114,66.962688582981,80.32693938383724,70.6320548669366,70.0842641644561
2023-12-22,73.228,66.96543971836458,79.60057710353941,69.25709619532019,69.06422093043713
2023-12-29,73.515,66.968104582131,78.9139621154038,72.45578994824608,71.81766530510038
2024-01-05,72.4925,66.97068587964728,79.79074061898218,73.822708429434,73.2764202743349
2024-01-12,72.03,66.97318623144233,79.77982959760432,72.81906080810728,71.96697604361225
2024-01-19,73.243,66.97560817586756,80.43604959761588,71.8606666720582,71.36587424518603
2024-01-26,76.364,66.97795417167396,80.6153020916808,72.94352789795896,71.95479628082984
2024-02-02,75.782,66.9802266005084,80.62465439571896,76.25399382232813,75.23263935720658
2024-02-09,75.046,66.98242776933165,81.20917339810455,76.27480574949,75.35922687507536
2024-02-16,78.16600000000001,66.98455991276052,81.43518741236032,75.19723165021036,74.2561680513949
2024-02-23,78.80699999999999,66.98662519533654,81.09694574964652,77.72867543080233,76.66110971251459
2024-03-01,79.578,66.98862571372356,80.99874655724574,79.01328086375536,78.04173773854635
2024-03-08,79.526,66.99056349883635,80.51242674726093,79.79006494634127,78.80173878840205
2024-03-15,80.42999999999999,66.99244051790248,80.3378504052151,79.53852803204437,78.78824794968193
2024-03-22,82.78999999999999,66.9942586764595,80.9457501676961,80.28412036184555,79.38794564037033
2024-03-29,82.7325,66.99601982028958,81.33192238860552,82.61442648385831,81.34002614691258
2024-04-05,86.354,66.99772573729331,81.44453971639848,82.96328981756416,81.80457563557579
2024-04-12,86.5125,66.99937815930494,81.60274952637751,86.18148006430228,84.83760291133537
