Date,Oilprice,us-index
2005-01-07,44.071999999999996,82.634
2005-01-14,46.79,82.804
2005-01-21,47.964999999999996,83.424
2005-01-28,48.558,83.488
2005-02-04,46.97,83.786
2005-02-11,46.08,84.854
2005-02-18,47.82,83.636
2005-02-25,51.340999999999994,82.836
2005-03-04,52.74400000000001,82.836
2005-03-11,54.224000000000004,81.878
2005-03-18,55.92999999999999,81.936
2005-03-25,52.945,83.5925
2005-04-01,54.970000000000006,84.34400000000001
2005-04-08,55.238,84.69200000000001
2005-04-15,51.436,84.512
2005-04-22,52.39,83.696
2005-04-29,51.996,84.136
2005-05-06,50.636,84.31
2005-05-13,50.333999999999996,85.124
2005-05-20,47.769999999999996,86.174
2005-05-27,50.146,86.478
2005-06-03,53.376999999999995,87.75
2005-06-10,53.74400000000001,87.946
2005-06-17,56.181999999999995,88.662
2005-06-24,59.044000000000004,88.626
2005-07-01,58.214,89.15799999999999
2005-07-08,60.166,90.356
2005-07-15,59.181999999999995,89.26
2005-07-22,57.303999999999995,89.47999999999999
2005-07-29,59.39,89.604
2005-08-05,61.636,88.282
2005-08-12,64.846,87.5
2005-08-19,64.918,87.98400000000001
2005-08-26,66.342,87.926
2005-09-02,68.47200000000001,87.40599999999999
2005-09-09,65.118,86.78099999999999
2005-09-16,63.84400000000001,87.862
2005-09-23,66.42999999999999,88.59
2005-09-30,66.064,89.42
2005-10-07,63.056000000000004,89.60799999999999
2005-10-14,62.86800000000001,89.64399999999999
2005-10-21,62.279999999999994,90.06
2005-10-28,61.327999999999996,89.506
2005-11-04,60.339999999999996,90.314
2005-11-11,58.8,91.644
2005-11-18,57.0,92.072
2005-11-25,58.022000000000006,91.771
2005-12-02,57.784000000000006,91.588
2005-12-09,59.83,91.464
2005-12-16,60.32000000000001,90.056
2005-12-23,57.968,90.63
2005-12-30,59.48199999999999,91.147
2006-01-06,63.385,89.28999999999999
2006-01-13,63.739999999999995,89.17999999999999
2006-01-20,66.45,89.199
2006-01-27,66.82000000000001,88.45599999999999
2006-02-03,66.59,89.42999999999999
2006-02-10,63.06,90.36
2006-02-17,59.370000000000005,90.634
2006-02-24,60.043000000000006,90.563
2006-03-03,62.272000000000006,90.036
2006-03-10,60.89,90.576
2006-03-17,62.64,89.646
2006-03-24,61.355999999999995,89.8
2006-03-31,65.67,89.938
2006-04-07,66.564,89.136
2006-04-14,68.845,89.6
2006-04-21,71.868,88.194
2006-04-28,70.378,86.946
2006-05-05,72.14000000000001,85.712
2006-05-12,71.49600000000001,84.55799999999999
2006-05-19,69.074,84.59
2006-05-26,70.35,84.712
2006-06-02,71.542,84.522
2006-06-09,71.54,85.098
2006-06-16,69.482,86.072
2006-06-23,69.94,86.296
2006-06-30,72.654,86.136
2006-07-07,74.62,85.3
2006-07-14,75.208,85.72999999999999
2006-07-21,73.976,86.51599999999999
2006-07-28,73.874,86.04400000000001
2006-08-04,75.204,84.998
2006-08-11,75.634,84.94399999999999
2006-08-18,71.79400000000001,85.174
2006-08-25,72.12,85.12
2006-09-01,70.006,85.02000000000001
2006-09-08,67.81800000000001,85.31
2006-09-15,63.977999999999994,85.872
2006-09-22,61.403999999999996,85.588
2006-09-29,61.938,85.654
2006-10-06,59.766,85.9
2006-10-13,58.581999999999994,86.94
2006-10-20,58.476,86.652
2006-10-27,58.879999999999995,86.234
2006-11-03,58.553999999999995,85.45599999999999
2006-11-10,59.964,85.364
2006-11-17,57.55800000000001,85.362
2006-11-24,57.858000000000004,84.7
2006-12-01,62.024,83.112
2006-12-08,62.318000000000005,82.768
2006-12-15,61.908,83.354
2006-12-22,62.4,83.69399999999999
2006-12-29,60.655,83.88749999999999
2007-01-05,57.755,84.0175
2007-01-12,54.11,84.952
2007-01-19,51.504999999999995,84.95
2007-01-26,53.565999999999995,85.00399999999999
2007-02-02,57.114,84.866
2007-02-09,58.99399999999999,84.836
2007-02-16,58.408,84.436
2007-02-23,59.57,84.19749999999999
2007-03-02,61.64,83.67999999999999
2007-03-09,60.85,84.068
2007-03-16,57.94,83.622
2007-03-23,58.263999999999996,83.128
2007-03-30,64.17999999999999,83.02799999999999
2007-04-06,64.82000000000001,82.915
2007-04-13,62.581999999999994,82.59400000000001
2007-04-20,63.056000000000004,81.78399999999999
2007-04-27,65.258,81.6
2007-05-04,63.822,81.694
2007-05-11,61.896,82.01
2007-05-18,63.60799999999999,82.1
2007-05-25,64.894,82.36
2007-06-01,63.942499999999995,82.34
2007-06-08,65.896,82.16600000000001
2007-06-15,66.624,82.922
2007-06-22,68.782,82.57000000000001
2007-06-29,69.134,82.24
2007-07-06,71.7825,81.46000000000001
2007-07-13,72.792,80.848
2007-07-20,74.92,80.438
2007-07-27,75.152,80.49600000000001
2007-08-03,76.752,80.676
2007-08-10,71.924,80.498
2007-08-17,72.05,81.50399999999999
2007-08-24,70.188,81.19
2007-08-31,72.928,80.756
2007-09-07,75.9625,80.4825
2007-09-14,78.946,79.602
2007-09-21,82.256,79.082
2007-09-28,81.704,78.27799999999999
2007-10-05,80.59200000000001,78.312
2007-10-12,81.45599999999999,78.376
2007-10-19,87.804,77.89200000000001
2007-10-26,89.23400000000001,77.502
2007-11-02,93.45599999999999,76.604
2007-11-09,95.808,75.74600000000001
2007-11-16,93.55600000000001,75.898
2007-11-23,97.92999999999999,75.275
2007-11-30,92.46799999999999,75.356
2007-12-07,88.706,76.142
2007-12-14,91.18199999999999,76.48400000000001
2007-12-21,91.16,77.58200000000001
2007-12-28,95.6375,76.8875
2008-01-04,98.165,76.08500000000001
2008-01-11,94.762,76.122
2008-01-18,91.512,75.998
2008-01-25,89.41,76.10249999999999
2008-02-01,91.138,75.356
2008-02-08,89.078,76.248
2008-02-15,94.13,76.31
2008-02-22,99.6125,75.81
2008-02-29,100.84,74.386
2008-03-07,103.444,73.374
2008-03-14,109.346,72.47999999999999
2008-03-21,105.2825,71.97999999999999
2008-03-28,104.492,72.016
2008-04-04,103.46,72.172
2008-04-11,109.71,72.038
2008-04-18,114.328,71.8
2008-04-25,118.53399999999999,72.024
2008-05-02,115.422,72.994
2008-05-09,123.006,73.24600000000001
2008-05-16,124.96199999999999,73.162
2008-05-23,130.138,72.314
2008-05-30,128.465,72.69749999999999
2008-06-06,128.164,73.00399999999999
2008-06-13,134.8,73.554
2008-06-20,134.342,73.414
2008-06-27,136.998,72.89
2008-07-04,142.5175,72.4
2008-07-11,139.95,72.57000000000001
2008-07-18,135.368,72.056
2008-07-25,125.924,72.608
2008-08-01,124.574,73.186
2008-08-08,118.798,74.39399999999999
2008-08-15,114.402,76.46600000000001
2008-08-22,115.7,76.786
2008-08-29,116.09200000000001,77.124
2008-09-05,108.36749999999999,78.4225
2008-09-12,102.876,79.56
2008-09-19,97.19,78.354
2008-09-26,111.122,76.67
2008-10-03,96.59400000000001,79.426
2008-10-10,86.242,81.542
2008-10-17,75.19,82.03
2008-10-24,68.56,84.852
2008-10-31,65.212,85.84400000000001
2008-11-07,64.306,85.508
2008-11-14,58.602,86.752
2008-11-21,52.25599999999999,87.53
2008-11-28,53.265,85.8175
2008-12-05,45.598,86.80199999999999
2008-12-12,44.566,84.84
2008-12-19,39.704,80.33
2008-12-26,32.975,81.15
2009-01-02,42.4025,81.17750000000001
2009-01-09,44.458,82.312
2009-01-16,36.727999999999994,84.09
2009-01-23,42.144999999999996,85.69
2009-01-30,42.70399999999999,84.94
2009-02-06,40.775999999999996,85.646
2009-02-13,36.942,85.664
2009-02-20,37.145,87.4575
2009-02-27,41.098,87.578
2009-03-06,43.178,88.868
2009-03-13,45.656,88.042
2009-03-20,49.486000000000004,84.95
2009-03-27,52.986000000000004,84.098
2009-04-03,50.344,85.036
2009-04-10,50.46,85.21000000000001
2009-04-17,49.864,85.088
2009-04-24,47.798,85.916
2009-05-01,50.20399999999999,84.968
2009-05-08,55.96,83.624
2009-05-15,57.94,82.62
2009-05-22,60.32000000000001,81.268
2009-05-29,64.32249999999999,80.1525
2009-06-05,68.108,79.458
2009-06-12,70.854,80.126
2009-06-19,70.62,80.612
2009-06-26,68.58,80.3
2009-07-03,69.32249999999999,79.9725
2009-07-10,61.476,80.36
2009-07-17,61.286,79.64
2009-07-24,65.276,78.82000000000001
2009-07-31,67.03200000000001,78.94800000000001
2009-08-07,71.578,77.99199999999999
2009-08-14,69.642,78.922
2009-08-21,70.8,78.624
2009-08-28,72.374,78.31
2009-09-04,68.39200000000001,78.384
2009-09-11,70.91,76.96
2009-09-18,71.32000000000001,76.416
2009-09-25,68.326,76.53200000000001
2009-10-02,68.836,77.002
2009-10-09,70.80199999999999,76.372
2009-10-16,75.726,75.748
2009-10-23,80.06,75.32000000000001
2009-10-30,78.46600000000001,76.168
2009-11-06,79.0,75.976
2009-11-13,78.24,75.228
2009-11-20,78.368,75.284
2009-11-27,76.1425,74.85499999999999
2009-12-04,76.806,74.87
2009-12-11,71.51,76.148
2009-12-18,71.724,77.164
2009-12-25,74.7625,78.00750000000001
2010-01-01,79.07,77.8075
2010-01-08,82.344,77.604
2010-01-15,80.06,76.97
2010-01-22,76.6225,78.11
2010-01-29,73.936,78.72999999999999
2010-02-05,74.572,79.596
2010-02-12,73.88,80.1
2010-02-19,78.2475,80.28
2010-02-26,79.22200000000001,80.672
2010-03-05,80.19,80.42999999999999
2010-03-12,81.756,80.322
2010-03-19,81.44200000000001,80.116
2010-03-26,80.646,81.43800000000002
2010-04-02,83.01,81.17
2010-04-09,85.662,81.308
2010-04-16,84.342,80.512
2010-04-23,82.902,81.226
2010-04-30,84.218,81.976
2010-05-07,80.24,83.798
2010-05-14,74.97999999999999,84.952
2010-05-21,69.136,86.136
2010-05-28,70.61800000000001,86.556
2010-06-04,72.9075,87.2
2010-06-11,73.436,87.876
2010-06-18,76.7,85.992
2010-06-25,77.06,85.764
2010-07-02,74.958,85.37
2010-07-09,74.38749999999999,83.91749999999999
2010-07-16,76.348,83.264
2010-07-23,77.562,82.74
2010-07-30,78.12,81.928
2010-08-06,81.786,80.734
2010-08-13,78.172,81.878
2010-08-20,74.84400000000001,82.498
2010-08-27,72.91,83.076
2010-09-03,74.02000000000001,82.688
2010-09-10,74.82000000000001,82.6925
2010-09-17,75.616,81.424
2010-09-24,73.756,80.2
2010-10-01,78.40599999999999,78.77000000000001
2010-10-08,82.29400000000001,77.662
2010-10-15,82.164,77.112
2010-10-22,81.148,77.434
2010-10-29,82.03,77.508
2010-11-05,84.928,76.586
2010-11-12,86.90799999999999,77.67999999999999
2010-11-19,82.23400000000001,78.786
2010-11-26,82.2775,79.64750000000001
2010-12-03,86.752,80.482
2010-12-10,88.49600000000001,79.914
2010-12-17,88.268,79.89200000000001
2010-12-24,89.6625,80.645
2010-12-31,90.966,79.816
2011-01-07,89.54400000000001,80.126
2011-01-14,91.024,80.022
2011-01-21,89.7525,78.6575
2011-01-28,86.114,77.962
2011-02-04,89.52000000000001,77.55
2011-02-11,85.514,78.076
2011-02-18,84.13399999999999,78.212
2011-02-25,95.26,77.38
2011-03-04,101.05199999999999,76.69800000000001
2011-03-11,103.73800000000001,76.816
2011-03-18,99.78999999999999,76.224
2011-03-25,104.40599999999999,75.696
2011-04-01,105.08399999999999,76.038
2011-04-08,109.28599999999999,75.59
2011-04-15,107.75,74.88199999999999
2011-04-22,109.11,74.725
2011-04-29,112.296,73.47999999999999
2011-05-06,105.83600000000001,73.63
2011-05-13,99.866,75.136
2011-05-20,97.994,75.38
2011-05-27,99.546,75.68199999999999
2011-06-03,100.9225,74.3575
2011-06-10,100.054,74.078
2011-06-17,95.874,75.036
2011-06-24,92.696,75.09400000000001
2011-07-01,93.702,74.758
2011-07-08,97.1225,74.9875
2011-07-15,96.72,75.478
2011-07-22,98.006,74.742
2011-07-29,97.828,73.94800000000001
2011-08-05,90.854,74.506
2011-08-12,82.862,74.66600000000001
2011-08-19,85.364,73.954
2011-08-26,85.056,74.012
2011-09-02,88.072,74.206
2011-09-09,87.905,76.215
2011-09-16,88.934,76.83399999999999
2011-09-23,83.652,77.69200000000001
2011-09-30,81.178,78.06
2011-10-07,79.434,79.062
2011-10-14,85.348,77.136
2011-10-21,86.818,76.952
2011-10-28,92.316,75.67
2011-11-04,93.244,76.816
2011-11-11,96.966,77.232
2011-11-18,99.31800000000001,77.96000000000001
2011-11-25,96.89,78.85
2011-12-02,99.90599999999999,78.72
2011-12-09,100.078,78.602
2011-12-16,96.064,80.188
2011-12-23,97.74,80.008
2011-12-30,99.81,80.2425
2012-01-06,102.3875,80.4825
2012-01-13,100.43199999999999,81.1
2012-01-20,99.945,80.5575
2012-01-27,99.354,79.50399999999999
2012-02-03,97.8,79.058
2012-02-10,98.56,78.794
2012-02-17,101.726,79.376
2012-02-24,107.175,78.85499999999999
2012-03-02,107.52000000000001,78.75399999999999
2012-03-09,106.324,79.612
2012-03-16,106.15,80.11600000000001
2012-03-23,106.41000000000001,79.624
2012-03-30,105.122,79.07000000000001
2012-04-06,103.52250000000001,79.53999999999999
2012-04-13,102.55199999999999,79.718
2012-04-20,103.152,79.46600000000001
2012-04-27,103.78399999999999,79.056
2012-05-04,103.47200000000001,79.098
2012-05-11,96.984,79.958
2012-05-18,93.108,81.174
2012-05-25,90.88199999999999,81.88199999999999
2012-06-01,87.0575,82.8575
2012-06-08,84.434,82.454
2012-06-15,83.27000000000001,82.124
2012-06-22,81.11,81.89200000000001
2012-06-29,80.226,82.386
2012-07-06,85.735,82.46000000000001
2012-07-13,85.78,83.428
2012-07-20,90.34,83.112
2012-07-27,88.876,83.35
2012-08-03,89.098,82.846
2012-08-10,93.14,82.412
2012-08-17,94.434,82.50399999999999
2012-08-24,96.224,81.762
2012-08-31,95.684,81.49600000000001
2012-09-07,95.675,80.95750000000001
2012-09-14,97.562,79.592
2012-09-21,93.702,79.212
2012-09-28,91.348,79.69
2012-10-05,90.814,79.64399999999999
2012-10-12,91.422,79.772
2012-10-19,91.59,79.43199999999999
2012-10-26,86.354,79.92999999999999
2012-11-02,85.87,80.144
2012-11-09,85.982,80.788
2012-11-16,85.866,81.102
2012-11-23,87.4,80.7375
2012-11-30,87.274,80.268
2012-12-07,87.002,79.99199999999999
2012-12-14,85.712,79.94200000000001
2012-12-21,88.244,79.416
2012-12-28,90.1425,79.64
2013-01-04,92.765,80.1225
2013-01-11,93.38,80.09200000000001
2013-01-18,94.582,79.752
2013-01-25,95.4125,79.8725
2013-02-01,97.33200000000001,79.402
2013-02-08,96.176,79.832
2013-02-15,96.954,80.31
2013-02-22,94.38,81.115
2013-03-01,92.19,81.874
2013-03-08,91.00399999999999,82.30799999999999
2013-03-15,92.7,82.556
2013-03-22,93.04599999999999,82.74600000000001
2013-03-29,96.0775,82.97999999999999
2013-04-05,95.074,82.71000000000001
2013-04-12,93.36,82.394
2013-04-19,88.0,82.424
2013-04-26,90.998,82.798
2013-05-03,93.4,81.94
2013-05-10,95.84400000000001,82.478
2013-05-17,94.648,83.708
2013-05-24,94.756,83.89
2013-05-31,93.32,83.515
2013-06-07,94.25,82.24600000000001
2013-06-14,96.35799999999999,81.016
2013-06-21,96.652,81.432
2013-06-28,95.83,82.804
2013-07-05,100.65,83.565
2013-07-12,104.704,83.71000000000001
2013-07-19,106.88199999999999,82.738
2013-07-26,105.876,82.01599999999999
2013-08-02,105.54400000000001,81.838
2013-08-09,105.16600000000001,81.376
2013-08-16,106.974,81.45
2013-08-23,105.476,81.24
2013-08-30,108.33,81.61
2013-09-06,108.77000000000001,82.3275
2013-09-13,108.356,81.614
2013-09-20,106.218,80.696
2013-09-27,103.096,80.42999999999999
2013-10-04,103.144,80.02799999999999
2013-10-11,102.69800000000001,80.24199999999999
2013-10-18,101.50800000000001,80.102
2013-10-25,97.572,79.312
2013-11-01,96.938,79.91
2013-11-08,94.306,80.776
2013-11-15,93.944,81.01599999999999
2013-11-22,93.92,80.88399999999999
2013-11-29,92.9675,80.7325
2013-12-06,96.20599999999999,80.6
2013-12-13,97.22999999999999,80.082
2013-12-20,97.854,80.28999999999999
2013-12-27,99.1525,80.4425
2014-01-03,96.4675,80.3625
2014-01-10,92.41600000000001,80.832
2014-01-17,92.976,80.866
2014-01-24,95.797,80.878
2014-01-31,97.28999999999999,80.796
2014-02-07,97.78,80.954
2014-02-14,100.208,80.486
2014-02-21,102.9325,80.17
2014-02-28,102.772,80.148
2014-03-07,103.074,79.94800000000001
2014-03-14,99.554,79.638
2014-03-21,99.774,79.82000000000001
2014-03-28,100.66,80.038
2014-04-04,100.462,80.26
2014-04-11,102.72,79.658
2014-04-18,103.94749999999999,79.78999999999999
2014-04-25,102.112,79.852
2014-05-02,100.508,79.602
2014-05-09,100.28999999999999,79.408
2014-05-16,101.916,80.03
2014-05-23,103.82000000000001,80.152
2014-05-30,104.141,80.434
2014-06-06,103.234,80.526
2014-06-13,105.968,80.67999999999999
2014-06-20,107.228,80.474
2014-06-27,106.69200000000001,80.212
2014-07-04,105.5175,79.94
2014-07-11,103.25399999999999,80.142
2014-07-18,102.36800000000001,80.43199999999999
2014-07-25,104.346,80.812
2014-08-01,102.194,81.286
2014-08-08,97.49600000000001,81.414
2014-08-15,97.172,81.51599999999999
2014-08-22,94.954,82.036
2014-08-29,96.258,82.572
2014-09-05,94.0625,83.35249999999999
2014-09-12,92.42999999999999,84.26599999999999
2014-09-19,93.52000000000001,84.34400000000001
2014-09-26,93.15,85.056
2014-10-03,91.444,85.958
2014-10-10,87.628,85.666
2014-10-17,82.88,85.312
2014-10-24,82.122,85.512
2014-10-31,81.292,85.986
2014-11-07,78.24199999999999,87.476
2014-11-14,76.49600000000001,87.672
2014-11-21,75.378,87.812
2014-11-28,72.355,88.01
2014-12-05,67.178,88.718
2014-12-12,61.136,88.604
2014-12-19,55.89,88.90799999999999
2014-12-26,55.58,89.9575
2015-01-02,53.4425,90.3825
2015-01-09,48.774,91.816
2015-01-16,47.066,92.264
2015-01-23,46.457499999999996,93.6975
2015-01-30,45.326,94.574
2015-02-06,50.576,94.30199999999999
2015-02-13,51.136,94.49600000000001
2015-02-20,51.974000000000004,94.24000000000001
2015-02-27,49.156,94.776
2015-03-06,50.384,96.16
2015-03-13,47.686,99.15599999999999
2015-03-20,44.394,98.97999999999999
2015-03-27,48.684,97.186
2015-04-03,48.9075,97.99
2015-04-10,51.778,98.21000000000001
2015-04-17,54.779999999999994,98.296
2015-04-24,56.138,97.614
2015-05-01,57.976,95.594
2015-05-08,59.726,94.816
2015-05-15,60.013999999999996,93.952
2015-05-22,58.952,95.26
2015-05-29,58.185,97.1375
2015-06-05,59.664,96.092
2015-06-12,60.072,95.014
2015-06-19,59.891999999999996,94.446
2015-06-26,60.013999999999996,95.136
2015-07-03,57.278999999999996,95.76
2015-07-10,52.384,96.418
2015-07-17,51.684000000000005,97.24
2015-07-24,49.212,97.462
2015-07-31,47.910000000000004,97.03
2015-08-07,44.938,97.75399999999999
2015-08-14,43.198,96.73400000000001
2015-08-21,41.342,96.24000000000001
2015-08-28,40.726,94.936
2015-09-04,46.730000000000004,95.94800000000001
2015-09-11,45.324,95.774
2015-09-18,45.482,95.138
2015-09-25,45.572,96.24
2015-10-02,44.998000000000005,96.05199999999999
2015-10-09,48.36,95.438
2015-10-16,46.82000000000001,94.48800000000001
2015-10-23,45.156,95.676
2015-10-30,44.989999999999995,97.15599999999999
2015-11-06,45.982,97.83
2015-11-13,42.696,98.986
2015-11-20,40.62,99.454
2015-11-27,40.569,99.78999999999999
2015-12-04,40.403999999999996,99.186
2015-12-11,36.934,97.994
2015-12-18,35.775999999999996,98.332
2015-12-25,36.262499999999996,98.2275
2016-01-01,36.99,98.22999999999999
2016-01-08,34.648,98.84200000000001
2016-01-15,30.586000000000002,98.934
2016-01-22,29.146000000000004,99.13399999999999
2016-01-29,31.808,99.148
2016-02-05,31.26,97.73400000000001
2016-02-12,28.144,96.006
2016-02-19,30.0225,96.80250000000001
2016-02-26,31.322000000000003,97.55199999999999
2016-03-04,34.434000000000005,97.94
2016-03-11,37.694,96.738
2016-03-18,38.318,95.798
2016-03-25,39.445,95.7825
2016-04-01,36.821999999999996,95.03
2016-04-08,36.72,94.456
2016-04-15,41.226,94.45
2016-04-22,41.856,94.536
2016-04-29,44.298,94.128
2016-05-06,44.215999999999994,93.284
2016-05-13,45.44,94.2
2016-05-20,47.992,94.964
2016-05-27,48.724000000000004,95.368
2016-06-03,49.0,95.2325
2016-06-10,50.184000000000005,93.968
2016-06-17,47.888,94.536
2016-06-24,48.71,94.066
2016-07-01,48.174,96.07000000000001
2016-07-08,46.513,96.1
2016-07-15,45.598,96.378
2016-07-22,44.44,97.058
2016-07-29,41.826,96.75399999999999
2016-08-05,40.82,95.65599999999999
2016-08-12,43.114,95.962
2016-08-19,47.156,94.762
2016-08-26,47.048,94.838
2016-09-02,45.106,95.828
2016-09-09,45.690000000000005,95.19800000000001
2016-09-16,44.339999999999996,95.49
2016-09-23,44.596000000000004,95.69
2016-09-30,46.552,95.43199999999999
2016-10-07,49.483999999999995,96.276
2016-10-14,50.288,97.626
2016-10-21,50.556,98.14
2016-10-28,49.362,98.67
2016-11-04,45.507999999999996,97.55199999999999
2016-11-11,44.61,98.396
2016-11-18,45.153999999999996,100.57000000000001
2016-11-25,47.141999999999996,101.396
2016-12-02,48.628,101.114
2016-12-09,50.974000000000004,100.7
2016-12-16,51.914,101.966
2016-12-23,51.955999999999996,103.10999999999999
2016-12-30,53.595,102.8025
2017-01-06,53.3425,102.4125
2017-01-13,52.065999999999995,101.65
2017-01-20,51.939,100.86600000000001
2017-01-27,52.742000000000004,100.28999999999999
2017-02-03,53.327999999999996,99.848
2017-02-10,52.879999999999995,100.38
2017-02-17,53.220000000000006,100.95599999999999
2017-02-24,53.963,101.136
2017-03-03,53.564,101.554
2017-03-10,50.5,101.724
2017-03-17,48.034000000000006,100.88199999999999
2017-03-24,47.28,99.858
2017-03-31,49.138,99.928
2017-04-07,51.263999999999996,100.69800000000001
2017-04-14,53.1875,100.7675
2017-04-21,51.094,99.858
2017-04-28,49.122,99.01
2017-05-05,47.209999999999994,98.944
2017-05-12,47.044,99.452
2017-05-19,49.244,97.924
2017-05-26,50.214,97.252
2017-06-02,48.705,97.112
2017-06-09,46.565999999999995,96.876
2017-06-16,45.3,97.128
2017-06-23,43.089999999999996,97.54400000000001
2017-06-30,44.626,96.218
2017-07-07,45.202,96.108
2017-07-14,45.506,95.66600000000001
2017-07-21,46.406,94.536
2017-07-28,48.266,93.764
2017-08-04,49.519999999999996,93.024
2017-08-11,49.076,93.42
2017-08-18,47.524,93.57000000000001
2017-08-25,47.676,93.162
2017-09-01,46.68,92.564
2017-09-08,48.455,92.038
2017-09-15,49.065999999999995,92.058
2017-09-22,50.124,92.14200000000001
2017-09-29,51.774,93.02799999999999
2017-10-06,50.232,93.66999999999999
2017-10-13,50.769999999999996,93.226
2017-10-20,51.739999999999995,93.408
2017-10-27,52.50599999999999,94.19
2017-11-03,54.59400000000001,94.71000000000001
2017-11-10,57.052,94.674
2017-11-17,55.814,93.944
2017-11-24,57.65599999999999,93.45
2017-12-01,57.812,93.054
2017-12-08,56.916,93.576
2017-12-15,57.168000000000006,93.764
2017-12-22,57.86800000000001,93.414
2017-12-29,59.88,92.7525
2018-01-05,61.3625,91.9575
2018-01-12,63.25599999999999,92.008
2018-01-19,63.82000000000001,90.59400000000001
2018-01-26,65.138,89.638
2018-02-02,65.318,89.092
2018-02-09,62.013999999999996,90.01
2018-02-16,60.562,89.34400000000001
2018-02-23,62.355999999999995,89.688
2018-03-02,62.07000000000001,90.216
2018-03-09,61.653999999999996,89.922
2018-03-16,61.275999999999996,89.924
2018-03-23,64.106,89.852
2018-03-30,64.9675,89.6425
2018-04-06,63.074,90.192
2018-04-13,66.022,89.71000000000001
2018-04-20,67.546,89.764
2018-04-27,67.912,91.19800000000001
2018-05-04,68.38199999999999,92.356
2018-05-11,70.556,92.82000000000001
2018-05-18,71.296,93.262
2018-05-25,70.978,93.848
2018-06-01,66.9575,94.2875
2018-06-08,65.35,93.70599999999999
2018-06-15,66.20599999999999,94.13
2018-06-22,66.324,94.84
2018-06-29,74.026,94.848
2018-07-06,73.70599999999999,94.576
2018-07-13,71.964,94.502
2018-07-20,68.952,94.826
2018-07-27,70.01,94.612
2018-08-03,69.462,94.74600000000001
2018-08-10,67.904,95.498
2018-08-17,66.146,96.512
2018-08-24,68.102,95.426
2018-08-31,69.656,94.792
2018-09-07,68.776,95.228
2018-09-14,68.958,94.92999999999999
2018-09-21,70.276,94.362
2018-09-28,72.838,94.506
2018-10-05,75.126,95.588
2018-10-12,72.95599999999999,95.436
2018-10-19,70.238,95.46000000000001
2018-10-26,67.426,96.288
2018-11-02,65.05600000000001,96.708
2018-11-09,61.574,96.446
2018-11-16,56.916,97.00800000000001
2018-11-23,54.166,96.674
2018-11-30,51.013999999999996,97.056
2018-12-07,52.626,96.88
2018-12-14,51.541999999999994,97.22999999999999
2018-12-21,46.980000000000004,96.89399999999999
2018-12-28,45.22333333333333,96.64333333333333
2019-01-04,46.99666666666667,96.43666666666667
2019-01-11,50.78,95.6
2019-01-18,51.924,96.022
2019-01-25,52.919000000000004,96.22999999999999
2019-02-01,53.634,95.614
2019-02-08,53.525999999999996,96.292
2019-02-15,53.878,96.95599999999999
2019-02-22,56.565999999999995,96.598
2019-03-01,56.122,96.25
2019-03-08,56.348,97.08000000000001
2019-03-15,57.81,96.816
2019-03-22,59.436,96.362
2019-03-29,59.489999999999995,96.912
2019-04-05,62.36,97.276
2019-04-12,64.102,97.03200000000001
2019-04-19,63.800000000000004,97.11500000000001
2019-04-26,65.276,97.862
2019-05-03,62.9,97.676
2019-05-10,61.814,97.494
2019-05-17,62.104,97.65599999999999
2019-05-24,60.722,97.9
2019-05-31,56.9275,97.995
2019-06-07,52.972,97.022
2019-06-14,52.522000000000006,97.006
2019-06-21,54.754,97.034
2019-06-28,58.382000000000005,96.13
2019-07-05,57.275999999999996,96.88
2019-07-12,59.024,97.166
2019-07-19,56.748000000000005,97.096
2019-07-26,56.053999999999995,97.704
2019-08-02,56.54600000000001,98.21000000000001
2019-08-09,53.275999999999996,97.56
2019-08-16,55.306,97.892
2019-08-23,55.496,98.13
2019-08-30,55.205999999999996,98.34400000000001
2019-09-06,55.48,98.634
2019-09-13,56.160000000000004,98.364
2019-09-20,59.331999999999994,98.44200000000001
2019-09-27,56.896,98.84400000000001
2019-10-04,53.122,99.03999999999999
2019-10-11,53.272000000000006,98.84400000000001
2019-10-18,53.488,97.926
2019-10-25,55.20399999999999,97.562
2019-11-01,55.17,97.538
2019-11-08,56.69,97.98400000000001
2019-11-15,56.900999999999996,98.208
2019-11-22,56.9,97.968
2019-11-29,58.08,98.316
2019-12-06,57.64,97.672
2019-12-13,59.248000000000005,97.34
2019-12-20,60.75,97.342
2019-12-27,61.29,97.44
2020-01-03,61.7425,96.705
2020-01-10,60.839999999999996,97.15599999999999
2020-01-17,58.288,97.38
2020-01-24,56.602,97.642
2020-01-31,52.696000000000005,97.846
2020-02-07,50.36,98.248
2020-02-14,50.832,98.958
2020-02-21,52.92100000000001,99.454
2020-02-28,48.362,98.79400000000001
2020-03-06,45.574,96.924
2020-03-13,32.386,96.806
2020-03-20,24.194,100.874
2020-03-27,19.438,100.65799999999999
2020-04-03,21.686,99.732
2020-04-10,24.405,100.055
2020-04-17,20.119999999999997,99.502
2020-04-24,3.3240000000000007,100.284
2020-05-01,15.712,99.514
2020-05-08,23.464,99.78
2020-05-15,26.398000000000003,100.256
2020-05-22,33.096,99.478
2020-05-29,34.185,98.6725
2020-06-05,37.322,97.28
2020-06-12,37.872,96.59
2020-06-19,38.35,97.174
2020-06-26,39.22,97.14000000000001
2020-07-03,39.986000000000004,97.324
2020-07-10,40.442,96.676
2020-07-17,40.57,96.21799999999999
2020-07-24,41.338,95.012
2020-07-31,40.686,93.438
2020-08-07,41.568,93.202
2020-08-14,42.076,93.416
2020-08-21,42.726,92.81
2020-08-28,42.932,92.94
2020-09-04,41.842,92.55799999999999
2020-09-11,37.556,93.216
2020-09-18,39.554,93.042
2020-09-25,39.78,94.20599999999999
2020-10-02,38.992,93.922
2020-10-09,40.188,93.5
2020-10-16,40.33,93.50399999999999
2020-10-23,40.426,92.966
2020-10-30,37.316,93.476
2020-11-06,37.708,93.17
2020-11-13,40.658,92.84400000000001
2020-11-20,41.516000000000005,92.412
2020-11-27,44.796,92.1
2020-12-04,45.37,91.14200000000001
2020-12-11,46.038,90.928
2020-12-18,47.968,90.294
2020-12-25,47.7325,90.355
2021-01-01,47.985,89.9875
2021-01-08,50.094,89.75399999999999
2021-01-15,52.751999999999995,90.38399999999999
2021-01-22,52.774,90.42
2021-01-29,52.524,90.45
2021-02-05,55.396,91.184
2021-02-12,58.54,90.52799999999999
2021-02-19,60.092999999999996,90.578
2021-02-26,62.303999999999995,90.274
2021-03-05,62.29200000000001,91.27799999999999
2021-03-12,65.022,91.838
2021-03-19,63.222,91.782
2021-03-26,59.95,92.38199999999999
2021-04-02,60.66,93.1
2021-04-09,59.348,92.322
2021-04-16,61.926,91.786
2021-04-23,62.182,91.13
2021-04-30,63.472,90.84400000000001
2021-05-07,65.1,90.944
2021-05-14,65.066,90.426
2021-05-21,64.114,89.986
2021-05-28,66.398,89.904
2021-06-04,68.7425,90.0975
2021-06-11,70.112,90.15599999999999
2021-06-18,71.546,91.26
2021-06-25,73.48400000000001,91.824
2021-07-02,74.06800000000001,92.24199999999999
2021-07-09,73.575,92.39
2021-07-16,73.188,92.546
2021-07-23,69.684,92.868
2021-07-30,72.75,92.286
2021-08-06,69.5,92.288
2021-08-13,68.334,92.896
2021-08-20,65.048,93.19399999999999
2021-08-27,67.59,92.88399999999999
2021-09-03,69.15,92.398
2021-09-10,68.969,92.452
2021-09-17,71.688,92.79400000000001
2021-09-24,72.18,93.26
2021-10-01,75.454,93.952
2021-10-08,78.50399999999999,94.062
2021-10-15,81.176,94.164
2021-10-22,83.476,93.72999999999999
2021-10-29,83.84400000000001,93.806
2021-11-05,81.788,94.1
2021-11-12,81.92999999999999,94.63399999999999
2021-11-19,78.99199999999999,95.74600000000001
2021-11-26,76.316,96.556
2021-12-03,66.89,96.128
2021-12-10,71.314,96.192
2021-12-17,71.184,96.402
2021-12-24,72.238,96.239
2021-12-31,76.048,96.03200000000001
2022-01-07,77.85799999999999,96.136
2022-01-14,81.51599999999999,95.298
2022-01-21,85.66600000000001,95.576
2022-01-28,86.94,96.556
2022-02-04,89.596,95.94800000000001
2022-02-11,90.614,95.63199999999999
2022-02-18,92.892,95.97999999999999
2022-02-25,92.077,96.41
2022-03-04,106.798,97.59
2022-03-11,113.39000000000001,98.79
2022-03-18,100.42999999999999,98.584
2022-03-25,113.69200000000001,98.638
2022-04-01,103.89200000000001,98.444
2022-04-08,99.212,99.524
2022-04-15,101.46000000000001,100.105
2022-04-22,104.018,100.786
2022-04-29,102.848,102.71600000000001
2022-05-06,106.68800000000002,103.44000000000001
2022-05-13,104.998,104.16600000000001
2022-05-20,112.178,103.446
2022-05-27,113.38,101.9
2022-06-03,116.032,101.976
2022-06-10,120.42999999999999,102.934
2022-06-17,116.45599999999999,104.81800000000001
2022-06-24,108.31099999999999,104.388
2022-07-01,110.96199999999999,104.676
2022-07-08,103.83699999999999,106.58399999999999
2022-07-15,99.92,108.13
2022-07-22,102.24,106.954
2022-07-29,99.604,106.474
2022-08-05,94.00800000000001,106.102
2022-08-12,94.652,105.744
2022-08-19,91.814,107.054
2022-08-26,94.47200000000001,108.724
2022-09-02,90.79,109.104
2022-09-09,85.696,109.718
2022-09-16,87.238,109.46199999999999
2022-09-23,83.462,111.026
2022-09-30,80.076,113.03599999999999
2022-10-07,88.22200000000001,111.58800000000001
2022-10-14,88.974,113.07000000000001
2022-10-21,85.356,112.40799999999999
2022-10-28,87.87,110.796
2022-11-04,89.136,111.63399999999999
2022-11-11,88.41,108.96199999999999
2022-11-18,84.02000000000001,106.59200000000001
2022-11-25,78.428,106.582
2022-12-02,79.292,105.744
2022-12-09,73.064,105.10999999999999
2022-12-16,75.124,104.428
2022-12-23,77.27799999999999,104.316
2022-12-30,79.2325,104.0
2023-01-06,74.2675,104.4225
2023-01-13,77.096,102.776
2023-01-20,80.287,102.218
2023-01-27,80.326,101.894
2023-02-03,76.506,102.054
2023-02-10,77.506,103.46199999999999
2023-02-17,78.51,103.644
2023-02-24,75.595,104.48599999999999
2023-03-03,77.538,104.71400000000001
2023-03-10,77.31,105.102
2023-03-17,69.6,103.99600000000001
2023-03-24,69.332,102.90799999999999
2023-03-31,73.788,102.516
2023-04-07,80.6225,101.8375
2023-04-14,81.86600000000001,101.768
2023-04-21,79.218,101.896
2023-04-28,76.314,101.568
2023-05-05,71.164,101.612
2023-05-12,72.034,101.84200000000001
2023-05-19,71.618,102.92999999999999
2023-05-26,72.61600000000001,103.80799999999999
2023-06-02,69.8525,104.0175
2023-06-09,71.562,103.826
2023-06-16,69.422,102.85799999999999
2023-06-23,70.599,102.484
2023-06-30,69.364,102.86600000000001
2023-07-07,71.58099999999999,102.94200000000001
2023-07-14,75.19800000000001,100.78
2023-07-21,75.608,100.402
2023-07-28,79.67999999999999,101.396
2023-08-04,81.398,102.262
2023-08-11,83.042,102.48599999999999
2023-08-18,80.928,103.356
2023-08-25,79.97200000000001,103.668
2023-09-01,82.5,103.72200000000001
2023-09-08,86.96000000000001,104.81199999999998
2023-09-15,89.144,104.954
2023-09-22,90.27799999999999,105.28399999999999
2023-09-29,91.44000000000001,106.268
2023-10-06,85.50399999999999,106.614
2023-10-13,84.898,106.194
2023-10-20,88.026,106.29400000000001
2023-10-27,85.196,106.3
2023-11-03,81.99,106.16
2023-11-10,77.85799999999999,105.622
2023-11-17,76.976,104.468
2023-11-24,76.779,103.62
2023-12-01,75.494,103.096
2023-12-08,70.706,103.89200000000001
2023-12-15,70.114,103.06800000000001
2023-12-22,73.228,102.136
2023-12-29,73.515,101.255
2024-01-05,72.4925,102.38
2024-01-12,72.03,102.366
2024-01-19,73.243,103.208
2024-01-26,76.364,103.43800000000002
2024-02-02,75.782,103.45
2024-02-09,75.046,104.2
2024-02-16,78.16600000000001,104.49000000000001
2024-02-23,78.80699999999999,104.056
2024-03-01,79.578,103.92999999999999
2024-03-08,79.526,103.306
2024-03-15,80.42999999999999,103.082
2024-03-22,82.78999999999999,103.862
2024-03-29,82.7325,104.3575
2024-04-05,86.354,104.502
2024-04-12,86.5125,104.705
